[
  {
    "title": "内网",
    "entries": [
      {
        "text": "DS3617xs",
        "link": "http://192.168.0.197:5000",
        "description": "DS3617xs管理入口",
        "icon": "https://icons.iconarchive.com/icons/simpleicons-team/simple/256/synology-icon.png"
      },
      {
        "text": "DS918",
        "link": "http://192.168.0.199:5000",
        "description": "DS918管理入口",
        "icon": "https://icons.iconarchive.com/icons/simpleicons-team/simple/256/synology-icon.png"
      },
      {
        "text": "路由器",
        "link": "http://192.168.0.1",
        "description": "主路由器管理入口",
        "icon": "https://icons.iconarchive.com/icons/inipagi/job-seeker/256/route-icon.png"
      }
    ]
  },
  {
    "title": "常用",
    "entries": [
      {
        "text": "老苏的blog",
        "link": "https://laosu.tech",
        "description": "老苏的博客",
        "icon": "https://icons.iconarchive.com/icons/aha-soft/3d-social/256/Blog-icon.png"
      },
      {
        "text": "CSDN",
        "link": "https://blog.csdn.net/wbsu2004",
        "description": "CSDN上的博客",
        "icon": "https://icons.iconarchive.com/icons/chromatix/keyboard-keys/128/blog-icon.png"
      }
    ]
  }
]